,f1-score,precision,recall,support
aluminum_foil,0.0,0.0,0.0,324.0
brown_bread,0.7994467496542185,0.7243107769423559,0.8919753086419753,324.0
corduroy,0.6378653113087674,0.5421166306695464,0.7746913580246914,324.0
cork,0.6028169014084507,0.4331983805668016,0.9907407407407407,324.0
cotton,0.012547051442910915,0.010570824524312896,0.015432098765432098,324.0
cracker,0.3203125,0.43617021276595747,0.25308641975308643,324.0
lettuce leaf,0.2898089171974523,0.2993421052631579,0.2808641975308642,324.0
linen,0.03783783783783784,0.15217391304347827,0.021604938271604937,324.0
white_bread,0.32069970845481055,0.30386740331491713,0.3395061728395062,324.0
wood,0.4090056285178236,0.5215311004784688,0.33641975308641975,324.0
wool,0.03,0.07894736842105263,0.018518518518518517,324.0
accuracy,0.35662177328843997,0.35662177328843997,0.35662177328843997,0.35662177328843997
macro avg,0.31457641871111564,0.3183844287263681,0.35662177328843997,3564.0
weighted avg,0.31457641871111564,0.3183844287263681,0.35662177328843997,3564.0
