,f1-score,precision,recall,support
aluminum_foil,0.0,0.0,0.0,324.0
brown_bread,0.8445040214477212,0.7464454976303317,0.9722222222222222,324.0
corduroy,0.5690140845070423,0.5233160621761658,0.6234567901234568,324.0
cork,0.5776515151515151,0.4166666666666667,0.941358024691358,324.0
cotton,0.016304347826086956,0.014563106796116505,0.018518518518518517,324.0
cracker,0.16852146263910972,0.1737704918032787,0.16358024691358025,324.0
lettuce leaf,0.25249169435215946,0.2733812949640288,0.2345679012345679,324.0
linen,0.0,0.0,0.0,324.0
white_bread,0.31372549019607837,0.28717948717948716,0.345679012345679,324.0
wood,0.5519713261648745,0.6581196581196581,0.47530864197530864,324.0
wool,0.2870159453302962,0.5478260869565217,0.19444444444444445,324.0
accuracy,0.3608305274971942,0.3608305274971942,0.3608305274971942,0.3608305274971942
macro avg,0.3255636261468076,0.33102439566293224,0.3608305274971942,3564.0
weighted avg,0.32556362614680767,0.33102439566293224,0.3608305274971942,3564.0
