,f1-score,precision,recall,support
aluminum_foil,0.0,0.0,0.0,324.0
brown_bread,0.7221438645980254,0.6649350649350649,0.7901234567901234,324.0
corduroy,0.6128133704735377,0.5583756345177665,0.6790123456790124,324.0
cork,0.5621181262729125,0.4194528875379939,0.8518518518518519,324.0
cotton,0.0364656381486676,0.033419023136246784,0.040123456790123455,324.0
cracker,0.0,0.0,0.0,324.0
lettuce leaf,0.40152963671128106,0.5276381909547738,0.32407407407407407,324.0
linen,0.0,0.0,0.0,324.0
white_bread,0.31519274376417233,0.24910394265232974,0.42901234567901236,324.0
wood,0.47095761381475665,0.4792332268370607,0.46296296296296297,324.0
wool,0.22608695652173913,0.2589641434262948,0.2006172839506173,324.0
accuracy,0.3434343434343434,0.3434343434343434,0.3434343434343434,0.3434343434343434
macro avg,0.30430072275500836,0.2901020103634119,0.3434343434343434,3564.0
weighted avg,0.30430072275500836,0.29010201036341193,0.3434343434343434,3564.0
