,f1-score,precision,recall,support
aluminum_foil,0.0,0.0,0.0,324.0
brown_bread,0.8283870967741936,0.7117516629711752,0.9907407407407407,324.0
corduroy,0.7023319615912209,0.6320987654320988,0.7901234567901234,324.0
cork,0.6494845360824743,0.48761609907120745,0.9722222222222222,324.0
cotton,0.0,0.0,0.0,324.0
cracker,0.12053571428571426,0.21774193548387097,0.08333333333333333,324.0
lettuce leaf,0.3438485804416404,0.35161290322580646,0.33641975308641975,324.0
linen,0.0,0.0,0.0,324.0
white_bread,0.30284857571214396,0.2944606413994169,0.3117283950617284,324.0
wood,0.5138888888888888,0.5873015873015873,0.4567901234567901,324.0
wool,0.40892193308550184,0.3416149068322981,0.5092592592592593,324.0
accuracy,0.4046015712682379,0.4046015712682379,0.4046015712682379,0.4046015712682379
macro avg,0.3518406624419798,0.32947259106522375,0.4046015712682379,3564.0
weighted avg,0.35184066244197987,0.32947259106522375,0.4046015712682379,3564.0
