,f1-score,precision,recall,support
aluminum_foil,0.47784810126582283,0.4902597402597403,0.4660493827160494,324.0
brown_bread,0.8030112923462985,0.6765327695560254,0.9876543209876543,324.0
corduroy,0.4607142857142857,0.3241206030150754,0.7962962962962963,324.0
cork,0.7988826815642457,0.7295918367346939,0.8827160493827161,324.0
cotton,0.1552511415525114,0.2982456140350877,0.10493827160493827,324.0
cracker,0.7717041800643086,0.8053691275167785,0.7407407407407407,324.0
lettuce leaf,0.12416851441241684,0.2204724409448819,0.08641975308641975,324.0
linen,0.337152209492635,0.3588850174216028,0.31790123456790126,324.0
white_bread,0.0,0.0,0.0,324.0
wood,0.4604105571847507,0.43854748603351956,0.4845679012345679,324.0
wool,0.5552486187845304,0.5025,0.6203703703703703,324.0
micro avg,0.4988776655443322,0.4988776655443322,0.4988776655443322,3564.0
macro avg,0.4494901438528914,0.4404113305015823,0.4988776655443322,3564.0
weighted avg,0.4494901438528915,0.44041133050158227,0.4988776655443322,3564.0
