,f1-score,precision,recall,support
aluminum_foil,0.035982008995502246,0.03498542274052478,0.037037037037037035,324.0
brown_bread,0.8544303797468356,0.8766233766233766,0.8333333333333334,324.0
corduroy,0.3441603317208017,0.22172751558325912,0.7685185185185185,324.0
cork,0.6388888888888888,0.7301587301587301,0.5679012345679012,324.0
cotton,0.0,0.0,0.0,324.0
cracker,0.2058823529411765,0.3223684210526316,0.15123456790123457,324.0
lettuce leaf,0.0,0.0,0.0,324.0
linen,0.04453441295546559,0.06470588235294118,0.033950617283950615,324.0
white_bread,0.0,0.0,0.0,324.0
wood,0.2644135188866799,0.19501466275659823,0.4104938271604938,324.0
wool,0.05813953488372092,0.5,0.030864197530864196,324.0
accuracy,0.25757575757575757,0.25757575757575757,0.25757575757575757,0.25757575757575757
macro avg,0.222402857183552,0.26778036466073285,0.25757575757575757,3564.0
weighted avg,0.22240285718355193,0.26778036466073285,0.25757575757575757,3564.0
