,f1-score,precision,recall,support
aluminum_foil,0.0,0.0,0.0,324.0
brown_bread,0.7626459143968871,0.6577181208053692,0.9074074074074074,324.0
corduroy,0.6155507559395249,0.473421926910299,0.8796296296296297,324.0
cork,0.6365546218487396,0.482484076433121,0.9351851851851852,324.0
cotton,0.0,0.0,0.0,324.0
cracker,0.004796163069544364,0.010752688172043012,0.0030864197530864196,324.0
lettuce leaf,0.12389380530973451,0.14522821576763487,0.10802469135802469,324.0
linen,0.0,0.0,0.0,324.0
white_bread,0.5526315789473685,0.481651376146789,0.6481481481481481,324.0
wood,0.46697388632872505,0.4648318042813456,0.4691358024691358,324.0
wool,0.4843492586490939,0.519434628975265,0.4537037037037037,324.0
accuracy,0.4003928170594837,0.4003928170594837,0.4003928170594837,0.4003928170594837
macro avg,0.3315814531354198,0.2941384397719879,0.40039281705948376,3564.0
weighted avg,0.3315814531354198,0.2941384397719879,0.4003928170594837,3564.0
