,f1-score,precision,recall,support
aluminum_foil,0.19909502262443435,0.3728813559322034,0.13580246913580246,324.0
brown_bread,0.7142857142857142,0.5698529411764706,0.9567901234567902,324.0
corduroy,0.4389105058365758,0.2934443288241415,0.8703703703703703,324.0
cork,0.769423558897243,0.6476793248945147,0.9475308641975309,324.0
cotton,0.0,0.0,0.0,324.0
cracker,0.33594976452119313,0.34185303514376997,0.33024691358024694,324.0
lettuce leaf,0.06813627254509017,0.09714285714285714,0.05246913580246913,324.0
linen,0.10837438423645321,0.2682926829268293,0.06790123456790123,324.0
white_bread,0.0,0.0,0.0,324.0
wood,0.31393775372124494,0.27951807228915665,0.35802469135802467,324.0
wool,0.2578947368421053,0.22477064220183487,0.30246913580246915,324.0
accuracy,0.36560044893378224,0.36560044893378224,0.36560044893378224,0.36560044893378224
macro avg,0.2914552466827322,0.28140320368470706,0.36560044893378224,3564.0
weighted avg,0.29145524668273215,0.2814032036847071,0.36560044893378224,3564.0
