,f1-score,precision,recall,support
aluminum_foil,0.0,0.0,0.0,324.0
brown_bread,0.6494845360824741,0.5575221238938053,0.7777777777777778,324.0
corduroy,0.3732928679817906,0.36716417910447763,0.37962962962962965,324.0
cork,0.765,0.6428571428571429,0.9444444444444444,324.0
cotton,0.11671087533156499,0.41509433962264153,0.06790123456790123,324.0
cracker,0.6237482117310443,0.5813333333333334,0.6728395061728395,324.0
lettuce leaf,0.33704292527821944,0.3475409836065574,0.3271604938271605,324.0
linen,0.0061162079510703364,0.006060606060606061,0.006172839506172839,324.0
white_bread,0.23583815028901736,0.18853974121996303,0.3148148148148148,324.0
wood,0.5067178502879078,0.6700507614213198,0.4074074074074074,324.0
wool,0.5015015015015015,0.48830409356725146,0.5154320987654321,324.0
accuracy,0.4012345679012346,0.4012345679012346,0.4012345679012346,0.4012345679012346
macro avg,0.3741321024031446,0.38767884588064533,0.4012345679012345,3564.0
weighted avg,0.3741321024031446,0.38767884588064533,0.4012345679012346,3564.0
