,f1-score,precision,recall,support
aluminum_foil,0.01834862385321101,0.03571428571428571,0.012345679012345678,324.0
brown_bread,0.9181969949916527,1.0,0.8487654320987654,324.0
corduroy,0.618798955613577,0.5361990950226244,0.7314814814814815,324.0
cork,0.6033834586466165,0.4337837837837838,0.9907407407407407,324.0
cotton,0.0,0.0,0.0,324.0
cracker,0.32452830188679244,0.4174757281553398,0.2654320987654321,324.0
lettuce leaf,0.4061302681992337,0.3464052287581699,0.49074074074074076,324.0
linen,0.01119402985074627,0.014150943396226415,0.009259259259259259,324.0
white_bread,0.1278772378516624,0.373134328358209,0.07716049382716049,324.0
wood,0.3240506329113924,0.2229965156794425,0.5925925925925926,324.0
wool,0.009732360097323601,0.022988505747126436,0.006172839506172839,324.0
accuracy,0.3658810325476992,0.3658810325476992,0.3658810325476992,0.3658810325476992
macro avg,0.3056582603547462,0.30934985587410985,0.3658810325476992,3564.0
weighted avg,0.30565826035474625,0.30934985587410985,0.3658810325476992,3564.0
