,f1-score,precision,recall,support
aluminum_foil,0.0,0.0,0.0,324.0
brown_bread,0.6973684210526316,0.5408163265306123,0.9814814814814815,324.0
corduroy,0.6992481203007519,0.5886075949367089,0.8611111111111112,324.0
cork,0.6694560669456067,0.5063291139240507,0.9876543209876543,324.0
cotton,0.021212121212121213,0.020833333333333332,0.021604938271604937,324.0
cracker,0.12887828162291168,0.28421052631578947,0.08333333333333333,324.0
lettuce leaf,0.36431226765799263,0.45794392523364486,0.30246913580246915,324.0
linen,0.0,0.0,0.0,324.0
white_bread,0.3266563944530046,0.3261538461538461,0.3271604938271605,324.0
wood,0.52,0.6327433628318584,0.44135802469135804,324.0
wool,0.36959761549925485,0.3573487031700288,0.38271604938271603,324.0
accuracy,0.398989898989899,0.398989898989899,0.398989898989899,0.398989898989899
macro avg,0.34515720806766137,0.3377260665845339,0.398989898989899,3564.0
weighted avg,0.34515720806766137,0.3377260665845339,0.398989898989899,3564.0
